{
    "rmse": 43179.10197676275,
    "r2 score": 95.4866238394879,
    "mse": 1864434847.5196772,
    "train_score": 0.9932933934111077,
    "test_score": 0.9570299112117234
}